{"cameraMode":{"drawMode":0,"name":"Shaded","section":"Shading Mode"},"sceneLighting":false,"audioPlay":false,"sceneViewState":{"showFog":true,"showMaterialUpdate":false,"showSkybox":false,"showFlares":true,"showImageEffects":true,"showParticleSystems":true},"in2DMode":false,"pivot":{"x":1.5529778003692628,"y":0.489992618560791,"z":8.182917594909668},"rotation":{"x":0.30830812454223635,"y":0.02197413705289364,"z":-0.007123815361410379,"w":0.9510073661804199},"size":0.5491397976875305,"orthographic":false}